example_html_field,title_field,price_field
038FV,"3/8 FIP x 3/8 FIP (full port valve)","19,116799999999998"
050C,"1/2 NPS threaded coupler","5,9019"
050E,"1/2 Female x Female 90° elbow","4,7791999999999994"
050FV,"1/2 FIP x 1/2 FIP (full port valve)","19,116799999999998"
050SE,"1/2 Male x Female 90° street elbow","5,9019"
050SN,"1/2 threaded nipple","4,7791999999999994"
075C,"3/4 NPS threaded coupler","7,0349"
075E,"3/4 Female x Female 90° elbow","4,7791999999999994"
075FV,"3/4 FIP x 3/4 FIP (full port valve)","23,6179"
075SE,"3/4 Male x Female 90° street elbow","5,9019"
075SN,"3/4 threaded nipple","4,7791999999999994"
100C,"1 NPS threaded coupler","8,435699999999999"
100E,"1 Female x Female 90° elbow","7,0349"
100FV,"1 FIP x 1 FIP (full port valve)","37,1212"
100SE,"1 Male x Female 90° street elbow","7,0349"
100SN,"1 threaded nipple","4,7791999999999994"
125E,"1-1/4 Female x Female 90° elbow","8,435699999999999"
125FV,"1-1/4 FIP x 1-1/4 FIP (full port valve)","55,1153"
125SE,"1-1/4 Male x Female 90° street elbow","9,558399999999999"
125SN,"1-1/4 threaded nipple","4,7791999999999994"
16100B12,"Braided Safety System Gas Connector -- 1 dia., 12 L","146,0025"
16100B24,"Braided Safety System Gas Connector -- 1 dia., 24 L","165,4695"
16100B36,"Braided Safety System Gas Connector -- 1 dia., 36 L","189,26250000000002"
16100B48,"Braided Safety System Gas Connector -- 1 dia., 48 L","211,97400000000002"
16100B60,"Braided Safety System Gas Connector -- 1 dia., 60 L","243,3375"
16100B72,"Braided Safety System Gas Connector -- 1 dia., 72 L","289,842"
16100BP24,"Blue Hose -- 1 dia., 24 L","195,75150000000002"
16100BP36,"Blue Hose -- 1 dia., 36 L","217,38150000000002"
16100BP48,"Blue Hose -- 1 dia., 48 L","255,234"
16100BP60,"Blue Hose -- 1 dia., 60 L","300,657"
16100BP72,"Blue Hose -- 1 dia., 72 L","346,08"
16100BPCF24,"Safety System Kit, 1 dia., 24 Blue Hose, Safety Quik®, 1 elbow","423,94800000000004"
16100BPCF2S24,"Safety System Kit, 1 dia., 24 Blue Hose, Safety Quik®, 2 Swivel MAX®","750,561"
16100BPCF2S36,"Safety System Kit, 1 dia., 36 Blue Hose, Safety Quik®, 2 Swivel MAX®","793,821"
16100BPCF2S48,"Safety System Kit, 1 dia., 48 Blue Hose, Safety Quik®, 2 Swivel MAX®","837,081"
16100BPCF2S60,"Safety System Kit, 1 dia., 60 Blue Hose, Safety Quik®, 2 Swivel MAX®","892,2375000000001"
16100BPCF2S72,"Safety System Kit, 1 dia., 72 Blue Hose, Safety Quik®, 2 Swivel MAX®","939,8235000000001"
16100BPCF36,"Safety System Kit, 1 dia., 48 Blue Hose, Safety Quik®, 1 elbow","450,98550000000006"
16100BPCF48,"Safety System Kit, 1 dia., 36 Blue Hose, Safety Quik®, 1 elbow","492,08250000000004"
16100BPCF60,"Safety System Kit, 1 dia., 60 Blue Hose, Safety Quik®, 1 elbow","535,3425"
16100BPCF72,"Safety System Kit, 1 dia., 72 Blue Hose, Safety Quik®, 1 elbow","576,4395"
16100BPCFS24,"Safety System Kit, 1 dia., 24 Blue Hose, Safety Quik®, Swivel MAX®, 1 elbow","581,847"
16100BPCFS36,"Safety System Kit, 1 dia., 36 Blue Hose, Safety Quik®, Swivel MAX®, 1 elbow","620,7810000000001"
16100BPCFS48,"Safety System Kit, 1 dia., 48 Blue Hose, Safety Quik®, Swivel MAX®, 1 elbow","664,041"
16100BPCFS60,"Safety System Kit, 1 dia., 60 Blue Hose, Safety Quik®, Swivel MAX®, 1 elbow","683,9200000000001"
16100BPCFS72,"Safety System Kit, 1 dia., 72 Blue Hose, Safety Quik®, Swivel MAX®, 1 elbow","747,3165"
16100BPQ24,"Safety System Kit, 1 dia., 24 Blue Hose, SnapFast®, 1 elbow","343,917"
16100BPQ2S24,"Safety System Kit, 1 dia., 24 Blue Hose, SnapFast®, 2 Swivel MAX®","664,041"
16100BPQ2S36,"Safety System Kit, 1 dia., 36 Blue Hose, SnapFast®, 2 Swivel MAX®","692,16"
16100BPQ2S48,"Safety System Kit, 1 dia., 48 Blue Hose, SnapFast®, 2 Swivel MAX®","721,3605"
16100BPQ2S60,"Safety System Kit, 1 dia., 60 Blue Hose, SnapFast®, 2 Swivel MAX®","778,6800000000001"
16100BPQ2S72,"Safety System Kit, 1 dia., 72 Blue Hose, SnapFast®, 2 Swivel MAX®","829,5105000000001"
16100BPQ2SR24,"Safety System Kit, 1 dia., 24 Blue Hose, SnapFast®, 2 Swivel MAX®, restraining device","699,7305"
16100BPQ2SR36,"Safety System Kit, 1 dia., 36 Blue Hose, SnapFast®, 2 Swivel MAX®, restraining device","721,3605"
16100BPQ2SR48,"Safety System Kit, 1 dia., 48 Blue Hose, SnapFast®, 2 Swivel MAX®, restraining device","758,1315"
16100BPQ2SR60,"Safety System Kit, 1 dia., 60 Blue Hose, SnapFast®, 2 Swivel MAX®, restraining device","805,7175"
16100BPQ2SR72,"Safety System Kit, 1 dia., 72 Blue Hose, SnapFast®, 2 Swivel MAX®, restraining device","859,7925"
16100BPQ36,"Safety System Kit, 1 dia., 36 Blue Hose, SnapFast®, 1 elbow","362,3025"
16100BPQ48,"Safety System Kit, 1 dia., 48 Blue Hose, SnapFast®, 1 elbow","403,3995"
16100BPQ60,"Safety System Kit, 1 dia., 60 Blue Hose, SnapFast®, 1 elbow","459,6375"
16100BPQ72,"Safety System Kit, 1 dia., 72 Blue Hose, SnapFast®, 1 elbow","505,06050000000005"
16100BPQR24,"Safety System Kit, 1 dia., 24 Blue Hose, SnapFast®, 1 elbow, restraining device","370,9545"
16100BPQR36,"Safety System Kit, 1 dia., 36 Blue Hose, SnapFast®, 1 elbow, restraining device","390,42150000000004"
16100BPQR48,"Safety System Kit, 1 dia., 48 Blue Hose, SnapFast®, 1 elbow, restraining device","425,0295"
16100BPQR60,"Safety System Kit, 1 dia., 60 Blue Hose, SnapFast®, 1 elbow, restraining device","486,675"
16100BPQR72,"Safety System Kit, 1 dia., 72 Blue Hose, SnapFast®, 1 elbow, restraining device","533,1795"
16100BPQS24,"Safety System Kit, 1 dia., 24 Blue Hose, SnapFast®, Swivel MAX®","522,3645"
16100BPQS36,"Safety System Kit, 1 dia., 36 Blue Hose, SnapFast®, Swivel MAX®","535,3425"
16100BPQS48,"Safety System Kit, 1 dia., 48 Blue Hose, SnapFast®, Swivel MAX®","556,9725"
16100BPQS60,"Safety System Kit, 1 dia., 60 Blue Hose, SnapFast®, Swivel MAX®","628,3515"
16100BPQS72,"Safety System Kit, 1 dia., 72 Blue Hose, SnapFast®, Swivel MAX®","674,8560000000001"
16100BPQSR24,"Safety System Kit, 1 dia., 24 Blue Hose, SnapFast®, Swivel MAX®, 1 elbow, restraining device","537,5055"
16100BPQSR36,"Safety System Kit, 1 dia., 36 Blue Hose, SnapFast®, Swivel MAX®, 1 elbow, restraining device","548,3205"
16100BPQSR48,"Safety System Kit, 1 dia., 48 Blue Hose, SnapFast®, Swivel MAX®, 1 elbow, restraining device","585,0915"
16100BPQSR60,"Safety System Kit, 1 dia., 60 Blue Hose, SnapFast®, Swivel MAX®, 1 elbow, restraining device","634,8405"
16100BPQSR72,"Safety System Kit, 1 dia., 72 Blue Hose, SnapFast®, Swivel MAX®, 1 elbow, restraining device","685,671"
16100BQ24,"Braided Safety System Gas Connector -- 1 dia., 24 L, elbow, SnapFast® QD","316,8795"
16100BQ36,"Braided Safety System Gas Connector -- 1 dia., 36 L, elbow, SnapFast® QD","341,754"
16100BQ48,"Braided Safety System Gas Connector -- 1 dia., 48 L, elbow, SnapFast® QD","365,54699999999997"
16100BQ60,"Braided Safety System Gas Connector -- 1 dia., 60 L, elbow, SnapFast® QD","399,0735"
16100BQ72,"Braided Safety System Gas Connector -- 1 dia., 72 L, elbow, SnapFast® QD","430,437"
16100KIT24,"Safety System Kit, 1 dia., 24 Blue Hose, SnapFast®, full port valve, 2 elbows, restraining device","397,99199999999996"
16100KIT2S24,"Safety System Kit, 1 dia., 24 Blue Hose, SnapFast®, 2 Swivel MAX®, full port valve, elbow, restraining device","706,2195"
16100KIT2S36,"Safety System Kit, 1 dia., 36 Blue Hose, SnapFast®, 2 Swivel MAX®, full port valve, elbow, restraining device","732,1755"
16100KIT2S48,"Safety System Kit, 1 dia., 48 Blue Hose, SnapFast®, 2 Swivel MAX®, full port valve, elbow, restraining device","768,9465"
16100KIT2S60,"Safety System Kit, 1 dia., 60 Blue Hose, SnapFast®, 2 Swivel MAX®, full port valve, elbow, restraining device","837,081"
16100KIT2S72,"Safety System Kit, 1 dia., 72 Blue Hose, SnapFast®, 2 Swivel MAX®, full port valve, elbow, restraining device","888,993"
16100KIT36,"Safety System Kit, 1 dia., 36 Blue Hose, SnapFast®, full port valve, 2 elbows, restraining device","405,5625"
16100KIT48,"Safety System Kit, 1 dia., 48 Blue Hose, SnapFast®, full port valve, 2 elbows, restraining device","443,415"
16100KIT60,"Safety System Kit, 1 dia., 60 Blue Hose, SnapFast®, full port valve, 2 elbows, restraining device","514,794"
16100KIT72,"Safety System Kit, 1 dia., 72 Blue Hose, SnapFast®, full port valve, 2 elbows, restraining device","541,8315"
16100KITCF24,"Safety System Kit, 1 dia., 24 Blue Hose, Safety Quik®, 2 elbows, restraining device","466,1265"
16100KITCF2S24,"Safety System Kit, 1 dia., 24 Blue Hose, Safety Quik®, 2 Swivel MAX®, restraining device","793,821"
16100KITCF2S36,"Safety System Kit, 1 dia., 36 Blue Hose, Safety Quik®, 2 Swivel MAX®, restraining device","824,1030000000001"
16100KITCF2S48,"Safety System Kit, 1 dia., 48 Blue Hose, Safety Quik®, 2 Swivel MAX®, restraining device","853,3035000000001"
16100KITCF2S60,"Safety System Kit, 1 dia., 60 Blue Hose, Safety Quik®, 2 Swivel MAX®, restraining device","904,134"
16100KITCF2S72,"Safety System Kit, 1 dia., 72 Blue Hose, Safety Quik®, 2 Swivel MAX®, restraining device","950,6385"
16100KITCF36,"Safety System Kit, 1 dia., 36 Blue Hose, Safety Quik®, 2 elbows, restraining device","494,24550000000005"
16100KITCF48,"Safety System Kit, 1 dia., 48 Blue Hose, Safety Quik®, 2 elbows, restraining device","523,446"
16100KITCF60,"Safety System Kit, 1 dia., 60 Blue Hose, Safety Quik®, 2 elbows, restraining device","589,4175"
16100KITCF72,"Safety System Kit, 1 dia., 72 Blue Hose, Safety Quik®, 2 elbows, restraining device","658,6335"
16100KITCFS24,"Safety System Kit, 1 dia., 24 Blue Hose, Safety Quik®, Swivel MAX®, 1 elbow, restraining device","615,3735"
16100KITCFS36,"Safety System Kit, 1 dia., 36 Blue Hose, Safety Quik®, Swivel MAX®, 1 elbow, restraining device","658,6335"
16100KITCFS48,"Safety System Kit, 1 dia., 48 Blue Hose, Safety Quik®, Swivel MAX®, 1 elbow, restraining device","701,8935"
16100KITCFS60,"Safety System Kit, 1 dia., 60 Blue Hose, Safety Quik®, Swivel MAX®, 1 elbow, restraining device","747,3165"
16100KITCFS72,"Safety System Kit, 1 dia., 72 Blue Hose, Safety Quik®, Swivel MAX®, 1 elbow, restraining device","793,821"
16100KITS24,"Safety System Kit, 1 dia., 24 Blue Hose, SnapFast®, Swivel MAX®, full port valve, elbow, restraining device","542,913"
16100KITS36,"Safety System Kit, 1 dia., 36 Blue Hose, SnapFast®, Swivel MAX®, full port valve, elbow, restraining device","586,173"
16100KITS48,"Safety System Kit, 1 dia., 48 Blue Hose, SnapFast®, Swivel MAX®, full port valve, elbow, restraining device","607,803"
16100KITS60,"Safety System Kit, 1 dia., 60 Blue Hose, SnapFast®, Swivel MAX®, full port valve, elbow, restraining device","683,508"
16100KITS72,"Safety System Kit, 1 dia., 72 Blue Hose, SnapFast®, Swivel MAX®, full port valve, elbow, restraining device","723,5235"
16100NPFS24,"Safety System Stationary Gas Connector Kit, 1 dia., 24 L","113,5575"
16100NPFS36,"Safety System Stationary Gas Connector Kit, 1 dia., 36 L","131,94299999999998"
16100NPFS48,"Safety System Stationary Gas Connector Kit, 1 dia., 48 L","140,595"
16100NPFS60,"Safety System Stationary Gas Connector Kit, 1 dia., 60 L","164,388"
16100NPFS72,"Safety System Stationary Gas Connector Kit, 1 dia., 72 L","183,85500000000002"
16100NPKIT24,"Safety System Stationary Gas Connector Kit, 1 dia., 24 L, full port valve, 2 elbows","162,225"
16100NPKIT36,"Safety System Stationary Gas Connector Kit, 1 dia., 36 L, full port valve, 2 elbows","178,4475"
16100NPKIT48,"Safety System Stationary Gas Connector Kit, 1 dia., 48 L, full port valve, 2 elbows","188,18099999999998"
16100NPKIT60,"Safety System Stationary Gas Connector Kit, 1 dia., 60 L, full port valve, 2 elbows","217,38150000000002"
16100NPKIT72,"Safety System Stationary Gas Connector Kit, 1 dia., 72 L, full port valve, 2 elbows","229,278"
16125B12,"Braided Safety System Gas Connector -- 1-1/4 dia., 12 L","193,58849999999998"
16125B24,"Braided Safety System Gas Connector -- 1-1/4 dia., 24 L","218,463"
16125B36,"Braided Safety System Gas Connector -- 1-1/4 dia., 36 L","250,908"
16125B48,"Braided Safety System Gas Connector -- 1-1/4 dia., 48 L","301,7385"
16125B60,"Braided Safety System Gas Connector -- 1-1/4 dia., 60 L","360,1395"
16125B72,"Braided Safety System Gas Connector -- 1-1/4 dia., 72 L","402,31800000000004"
16125BP24,"Blue Hose -- 1-1/4 dia., 24 L","258,4785"
16125BP36,"Blue Hose -- 1-1/4 dia., 36 L","297,4125"
16125BP48,"Blue Hose -- 1-1/4 dia., 48 L","360,1395"
16125BP60,"Blue Hose -- 1-1/4 dia., 60 L","423,94800000000004"
16125BP72,"Blue Hose -- 1-1/4 dia., 72 L","487,7565"
16125BPQ24,"Safety System Kit, 1-1/4 dia., 24 Blue Hose, SnapFast®, 1 elbow","546,1575"
16125BPQ2S24,"Safety System Kit, 1-1/4 dia., 24 Blue Hose, SnapFast®, 2 Swivel MAX®","1082,5815"
16125BPQ2S36,"Safety System Kit, 1-1/4 dia., 36 Blue Hose, SnapFast®, 2 Swivel MAX®","1117,1895000000002"
16125BPQ2S48,"Safety System Kit, 1-1/4 dia., 48 Blue Hose, SnapFast®, 2 Swivel MAX®","1179,9165"
16125BPQ2S60,"Safety System Kit, 1-1/4 dia., 60 Blue Hose, SnapFast®, 2 Swivel MAX®","1237,236"
16125BPQ2S72,"Safety System Kit, 1-1/4 dia., 72 Blue Hose, SnapFast®, 2 Swivel MAX®","1291,3110000000001"
16125BPQ2SR24,"Safety System Kit, 1-1/4 dia., 24 Blue Hose, SnapFast®, 2 Swivel MAX®, restraining device","1089,0705"
16125BPQ2SR36,"Safety System Kit, 1-1/4 dia., 36 Blue Hose, SnapFast®, 2 Swivel MAX®, restraining device","1146,39"
16125BPQ2SR48,"Safety System Kit, 1-1/4 dia., 48 Blue Hose, SnapFast®, 2 Swivel MAX®, restraining device","1208,0355"
16125BPQ2SR60,"Safety System Kit, 1-1/4 dia., 60 Blue Hose, SnapFast®, 2 Swivel MAX®, restraining device","1266,4365"
16125BPQ2SR72,"Safety System Kit, 1-1/4 dia., 72 Blue Hose, SnapFast®, 2 Swivel MAX®, restraining device","1334,5710000000001"
16125BPQ36,"Safety System Kit, 1-1/4 dia., 36 Blue Hose, SnapFast®, 1 elbow","576,4395"
16125BPQ48,"Safety System Kit, 1-1/4 dia., 48 Blue Hose, SnapFast®, 1 elbow","640,248"
16125BPQ60,"Safety System Kit, 1-1/4 dia., 60 Blue Hose, SnapFast®, 1 elbow","710,5455000000001"
16125BPQ72,"Safety System Kit, 1-1/4 dia., 72 Blue Hose, SnapFast®, 1 elbow","786,2505"
16125BPQR24,"Safety System Kit, 1-1/4 dia., 24 Blue Hose, SnapFast®, 1 elbow, restraining device","548,3205"
16125BPQR36,"Safety System Kit, 1-1/4 dia., 36 Blue Hose, SnapFast®, 1 elbow, restraining device","601,314"
16125BPQR48,"Safety System Kit, 1-1/4 dia., 48 Blue Hose, SnapFast®, 1 elbow, restraining device","665,1225000000001"
16125BPQR60,"Safety System Kit, 1-1/4 dia., 60 Blue Hose, SnapFast®, 1 elbow, restraining device","735,4200000000001"
16125BPQR72,"Safety System Kit, 1-1/4 dia., 72 Blue Hose, SnapFast®, 1 elbow, restraining device","807,8805000000001"
16125BPQS24,"Safety System Kit, 1-1/4 dia., 24 Blue Hose, SnapFast®, Swivel MAX®","799,2285"
16125BPQS36,"Safety System Kit, 1-1/4 dia., 36 Blue Hose, SnapFast®, Swivel MAX®","859,7925"
16125BPQS48,"Safety System Kit, 1-1/4 dia., 48 Blue Hose, SnapFast®, Swivel MAX®","924,6825"
16125BPQS60,"Safety System Kit, 1-1/4 dia., 60 Blue Hose, SnapFast®, Swivel MAX®","1023,0989999999999"
16125BPQS72,"Safety System Kit, 1-1/4 dia., 72 Blue Hose, SnapFast®, Swivel MAX®","1067,4405"
16125BPQSR24,"Safety System Kit, 1-1/4 dia., 24 Blue Hose, SnapFast®, Swivel MAX®, 1 elbow, restraining device","856,2287"
16125BPQSR36,"Safety System Kit, 1-1/4 dia., 36 Blue Hose, SnapFast®, Swivel MAX®, 1 elbow, restraining device","884,667"
16125BPQSR48,"Safety System Kit, 1-1/4 dia., 48 Blue Hose, SnapFast®, Swivel MAX®, 1 elbow, restraining device","950,6385"
16125BPQSR60,"Safety System Kit, 1-1/4 dia., 60 Blue Hose, SnapFast®, Swivel MAX®, 1 elbow, restraining device","1018,773"
16125BPQSR72,"Safety System Kit, 1-1/4 dia., 72 Blue Hose, SnapFast®, Swivel MAX®, 1 elbow, restraining device","1082,5815"
16125BQ24,"Braided Safety System Gas Connector -- 1-1/4 dia., 24 L, elbow, SnapFast® QD","475,86"
16125BQ36,"Braided Safety System Gas Connector -- 1-1/4 dia., 36 L, elbow, SnapFast® QD","531,0165"
16125BQ48,"Braided Safety System Gas Connector -- 1-1/4 dia., 48 L, elbow, SnapFast® QD","584,01"
16125BQ60,"Braided Safety System Gas Connector -- 1-1/4 dia., 60 L, elbow, SnapFast® QD","641,3294999999999"
16125BQ72,"Braided Safety System Gas Connector -- 1-1/4 dia., 72 L, elbow, SnapFast® QD","691,0785000000001"
16125KIT24,"Safety System Kit, 1-1/4 dia., 24 Blue Hose, SnapFast®, full port valve, 2 elbows, restraining device","606,7215"
16125KIT2S24,"Safety System Kit, 1-1/4 dia., 24 Blue Hose, SnapFast®, 2 Swivel MAX®, full port valve, elbow, restraining device","1161,5310000000002"
16125KIT2S36,"Safety System Kit, 1-1/4 dia., 36 Blue Hose, SnapFast®, 2 Swivel MAX®, full port valve, elbow, restraining device","1190,7315"
16125KIT2S48,"Safety System Kit, 1-1/4 dia., 48 Blue Hose, SnapFast®, 2 Swivel MAX®, full port valve, elbow, restraining device","1268,5995"
16125KIT2S60,"Safety System Kit, 1-1/4 dia., 60 Blue Hose, SnapFast®, 2 Swivel MAX®, full port valve, elbow, restraining device","1328,082"
16125KIT2S72,"Safety System Kit, 1-1/4 dia., 72 Blue Hose, SnapFast®, 2 Swivel MAX®, full port valve, elbow, restraining device","1391,8905"
16125KIT36,"Safety System Kit, 1-1/4 dia., 36 Blue Hose, SnapFast®, full port valve, 2 elbows, restraining device","653,2260000000001"
16125KIT48,"Safety System Kit, 1-1/4 dia., 48 Blue Hose, SnapFast®, full port valve, 2 elbows, restraining device","718,1160000000001"
16125KIT60,"Safety System Kit, 1-1/4 dia., 60 Blue Hose, SnapFast®, full port valve, 2 elbows, restraining device","792,7395"
16125KIT72,"Safety System Kit, 1-1/4 dia., 72 Blue Hose, SnapFast®, full port valve, 2 elbows, restraining device","863,037"
16125KITS24,"Safety System Kit, 1-1/4 dia., 24 Blue Hose, SnapFast®, Swivel MAX®, full port valve, elbow, restraining device","934,416"
16125KITS36,"Safety System Kit, 1-1/4 dia., 36 Blue Hose, SnapFast®, Swivel MAX®, full port valve, elbow, restraining device","971,187"
16125KITS48,"Safety System Kit, 1-1/4 dia., 48 Blue Hose, SnapFast®, Swivel MAX®, full port valve, elbow, restraining device","999,306"
16125KITS60,"Safety System Kit, 1-1/4 dia., 60 Blue Hose, SnapFast®, Swivel MAX®, full port valve, elbow, restraining device","1066,359"
16125KITS72,"Safety System Kit, 1-1/4 dia., 72 Blue Hose, SnapFast®, Swivel MAX®, full port valve, elbow, restraining device","1137,7379999999998"
16125NPFS24,"Safety System Stationary Gas Connector Kit, 1-1/4 dia., 24 L","150,3285"
16125NPFS36,"Safety System Stationary Gas Connector Kit, 1-1/4 dia., 36 L","165,4695"
16125NPFS48,"Safety System Stationary Gas Connector Kit, 1-1/4 dia., 48 L","188,18099999999998"
16125NPFS60,"Safety System Stationary Gas Connector Kit, 1-1/4 dia., 60 L","211,97400000000002"
16125NPFS72,"Safety System Stationary Gas Connector Kit, 1-1/4 dia., 72 L","230,35950000000003"
16125NPKIT24,"Safety System Stationary Gas Connector Kit, 1-1/4 dia., 24 L, full port valve, 2 elbows","217,38150000000002"
16125NPKIT36,"Safety System Stationary Gas Connector Kit, 1-1/4 dia., 36 L, full port valve, 2 elbows","234,6855"
16125NPKIT48,"Safety System Stationary Gas Connector Kit, 1-1/4 dia., 48 L, full port valve, 2 elbows","258,4785"
16125NPKIT60,"Safety System Stationary Gas Connector Kit, 1-1/4 dia., 60 L, full port valve, 2 elbows","280,1085"
16125NPKIT72,"Safety System Stationary Gas Connector Kit, 1-1/4 dia., 72 L, full port valve, 2 elbows","297,4125"
1650B12,"Braided Safety System Gas Connector -- 1/2 dia., 12 L","105,98700000000001"
1650B24,"Braided Safety System Gas Connector -- 1/2 dia., 24 L","116,802"
1650B36,"Braided Safety System Gas Connector -- 1/2 dia., 36 L","131,94299999999998"
1650B48,"Braided Safety System Gas Connector -- 1/2 dia., 48 L","148,1655"
1650B60,"Braided Safety System Gas Connector -- 1/2 dia., 60 L","167,6325"
1650B72,"Braided Safety System Gas Connector -- 1/2 dia., 72 L","184,93650000000002"
1650BP24,"Blue Hose -- 1/2 dia., 24 L","130,8615"
1650BP36,"Blue Hose -- 1/2 dia., 36 L","142,758"
1650BP48,"Blue Hose -- 1/2 dia., 48 L","161,1435"
1650BP60,"Blue Hose -- 1/2 dia., 60 L","195,75150000000002"
1650BP72,"Blue Hose -- 1/2 dia., 72 L","223,8705"
1650BPCF24,"Safety System Kit, 1/2 dia., 24 Blue Hose, Safety Quik®, 1 elbow","262,8045"
1650BPCF2S24,"Safety System Kit, 1/2 dia., 24 Blue Hose, Safety Quik®, 2 Swivel MAX®","423,94800000000004"
1650BPCF2S36,"Safety System Kit, 1/2 dia., 36 Blue Hose, Safety Quik®, 2 Swivel MAX®","447,741"
1650BPCF2S48,"Safety System Kit, 1/2 dia., 48 Blue Hose, Safety Quik®, 2 Swivel MAX®","470,4525"
1650BPCF2S60,"Safety System Kit, 1/2 dia., 60 Blue Hose, Safety Quik®, 2 Swivel MAX®","505,06050000000005"
1650BPCF2S72,"Safety System Kit, 1/2 dia., 72 Blue Hose, Safety Quik®, 2 Swivel MAX®","547,2389999999999"
1650BPCF36,"Safety System Kit, 1/2 dia., 36 Blue Hose, Safety Quik®, 1 elbow","277,94550000000004"
1650BPCF48,"Safety System Kit, 1/2 dia., 48 Blue Hose, Safety Quik®, 1 elbow","285,516"
1650BPCF60,"Safety System Kit, 1/2 dia., 60 Blue Hose, Safety Quik®, 1 elbow","316,8795"
1650BPCF72,"Safety System Kit, 1/2 dia., 72 Blue Hose, Safety Quik®, 1 elbow","349,3245"
1650BPCFS24,"Safety System Kit, 1/2 dia., 24 Blue Hose, Safety Quik®, Swivel MAX®, 1 elbow","338,046"
1650BPCFS36,"Safety System Kit, 1/2 dia., 36 Blue Hose, Safety Quik®, Swivel MAX®, 1 elbow","362,3025"
1650BPCFS48,"Safety System Kit, 1/2 dia., 48 Blue Hose, Safety Quik®, Swivel MAX®, 1 elbow","379,60650000000004"
1650BPCFS60,"Safety System Kit, 1/2 dia., 60 Blue Hose, Safety Quik®, Swivel MAX®, 1 elbow","409,8885"
1650BPCFS72,"Safety System Kit, 1/2 dia., 72 Blue Hose, Safety Quik®, Swivel MAX®, 1 elbow","443,415"
1650BPQ24,"Safety System Kit, 1/2 dia., 24 Blue Hose, SnapFast®, 1 elbow","202,2405"
1650BPQ2S24,"Safety System Kit, 1/2 dia., 24 Blue Hose, SnapFast®, 2 Swivel MAX®","373,1175"
1650BPQ2S36,"Safety System Kit, 1/2 dia., 36 Blue Hose, SnapFast®, 2 Swivel MAX®","386,0955"
1650BPQ2S48,"Safety System Kit, 1/2 dia., 48 Blue Hose, SnapFast®, 2 Swivel MAX®","406,644"
1650BPQ2S60,"Safety System Kit, 1/2 dia., 60 Blue Hose, SnapFast®, 2 Swivel MAX®","438,0075"
1650BPQ2S72,"Safety System Kit, 1/2 dia., 72 Blue Hose, SnapFast®, 2 Swivel MAX®","473,697"
1650BPQ2SR24,"Safety System Kit, 1/2 dia., 24 Blue Hose, SnapFast®, 2 Swivel MAX®, restraining device","403,3995"
1650BPQ2SR36,"Safety System Kit, 1/2 dia., 36 Blue Hose, SnapFast®, 2 Swivel MAX®, restraining device","408,80699999999996"
1650BPQ2SR48,"Safety System Kit, 1/2 dia., 48 Blue Hose, SnapFast®, 2 Swivel MAX®, restraining device","430,437"
1650BPQ2SR60,"Safety System Kit, 1/2 dia., 60 Blue Hose, SnapFast®, 2 Swivel MAX®, restraining device","459,6375"
1650BPQ2SR72,"Safety System Kit, 1/2 dia., 72 Blue Hose, SnapFast®, 2 Swivel MAX®, restraining device","496,4085"
1650BPQ36,"Safety System Kit, 1/2 dia., 36 Blue Hose, SnapFast®, 1 elbow","208,7295"
1650BPQ48,"Safety System Kit, 1/2 dia., 48 Blue Hose, SnapFast®, 1 elbow","226,0335"
1650BPQ60,"Safety System Kit, 1/2 dia., 60 Blue Hose, SnapFast®, 1 elbow","262,8045"
1650BPQ72,"Safety System Kit, 1/2 dia., 72 Blue Hose, SnapFast®, 1 elbow","293,0865"
1650BPQR24,"Safety System Kit, 1/2 dia., 24 Blue Hose, SnapFast®, 1 elbow, restraining device","228,19650000000001"
1650BPQR36,"Safety System Kit, 1/2 dia., 36 Blue Hose, SnapFast®, 1 elbow, restraining device","235,76700000000002"
1650BPQR48,"Safety System Kit, 1/2 dia., 48 Blue Hose, SnapFast®, 1 elbow, restraining device","254,1525"
1650BPQR60,"Safety System Kit, 1/2 dia., 60 Blue Hose, SnapFast®, 1 elbow, restraining device","288,76050000000004"
1650BPQR72,"Safety System Kit, 1/2 dia., 72 Blue Hose, SnapFast®, 1 elbow, restraining device","326,61300000000006"
1650BPQS24,"Safety System Kit, 1/2 dia., 24 Blue Hose, SnapFast®, Swivel MAX®","281,19"
1650BPQS36,"Safety System Kit, 1/2 dia., 36 Blue Hose, SnapFast®, Swivel MAX®","296,331"
1650BPQS48,"Safety System Kit, 1/2 dia., 48 Blue Hose, SnapFast®, Swivel MAX®","314,7165"
1650BPQS60,"Safety System Kit, 1/2 dia., 60 Blue Hose, SnapFast®, Swivel MAX®","363,384"
1650BPQS72,"Safety System Kit, 1/2 dia., 72 Blue Hose, SnapFast®, Swivel MAX®","395,829"
1650BPQSR24,"Safety System Kit, 1/2 dia., 24 Blue Hose, SnapFast®, Swivel MAX®, 1 elbow, restraining device","313,635"
1650BPQSR36,"Safety System Kit, 1/2 dia., 36 Blue Hose, SnapFast®, Swivel MAX®, 1 elbow, restraining device","320,124"
1650BPQSR48,"Safety System Kit, 1/2 dia., 48 Blue Hose, SnapFast®, Swivel MAX®, 1 elbow, restraining device","338,5095"
1650BPQSR60,"Safety System Kit, 1/2 dia., 60 Blue Hose, SnapFast®, Swivel MAX®, 1 elbow, restraining device","363,384"
1650BPQSR72,"Safety System Kit, 1/2 dia., 72 Blue Hose, SnapFast®, Swivel MAX®, 1 elbow, restraining device","406,644"
1650BQ24,"Braided Safety System Gas Connector -- 1/2 dia., 24 L, elbow, SnapFast® QD","186,018"
1650BQ36,"Braided Safety System Gas Connector -- 1/2 dia., 36 L, elbow, SnapFast® QD","203,322"
1650BQ48,"Braided Safety System Gas Connector -- 1/2 dia., 48 L, elbow, SnapFast® QD","220,626"
1650BQ60,"Braided Safety System Gas Connector -- 1/2 dia., 60 L, elbow, SnapFast® QD","239,0115"
1650BQ72,"Braided Safety System Gas Connector -- 1/2 dia., 72 L, elbow, SnapFast® QD","261,723"
1650KIT24,"Safety System Kit, 1/2 dia., 24 Blue Hose, SnapFast®, full port valve, 2 elbows, restraining device","235,76700000000002"
1650KIT2S24,"Safety System Kit, 1/2 dia., 24 Blue Hose, SnapFast®, 2 Swivel MAX®, full port valve, elbow, restraining device","416,3775"
1650KIT2S36,"Safety System Kit, 1/2 dia., 36 Blue Hose, SnapFast®, 2 Swivel MAX®, full port valve, elbow, restraining device","423,94800000000004"
1650KIT2S48,"Safety System Kit, 1/2 dia., 48 Blue Hose, SnapFast®, 2 Swivel MAX®, full port valve, elbow, restraining device","444,4965"
1650KIT2S60,"Safety System Kit, 1/2 dia., 60 Blue Hose, SnapFast®, 2 Swivel MAX®, full port valve, elbow, restraining device","485,5935"
1650KIT2S72,"Safety System Kit, 1/2 dia., 72 Blue Hose, SnapFast®, 2 Swivel MAX®, full port valve, elbow, restraining device","520,2015"
1650KIT36,"Safety System Kit, 1/2 dia., 36 Blue Hose, SnapFast®, full port valve, 2 elbows, restraining device","246,58200000000002"
1650KIT48,"Safety System Kit, 1/2 dia., 48 Blue Hose, SnapFast®, full port valve, 2 elbows, restraining device","258,4785"
1650KIT60,"Safety System Kit, 1/2 dia., 60 Blue Hose, SnapFast®, full port valve, 2 elbows, restraining device","295,2495"
1650KIT72,"Safety System Kit, 1/2 dia., 72 Blue Hose, SnapFast®, full port valve, 2 elbows, restraining device","329,8575"
1650KITCF24,"Safety System Kit, 1/2 dia., 24 Blue Hose, Safety Quik®, 2 elbows, restraining device","282,2715"
1650KITCF2S24,"Safety System Kit, 1/2 dia., 24 Blue Hose, Safety Quik®, 2 Swivel MAX®, restraining device","449,904"
1650KITCF2S36,"Safety System Kit, 1/2 dia., 36 Blue Hose, Safety Quik®, 2 Swivel MAX®, restraining device","473,697"
1650KITCF2S48,"Safety System Kit, 1/2 dia., 48 Blue Hose, Safety Quik®, 2 Swivel MAX®, restraining device","496,4085"
1650KITCF2S60,"Safety System Kit, 1/2 dia., 60 Blue Hose, Safety Quik®, 2 Swivel MAX®, restraining device","537,5055"
1650KITCF2S72,"Safety System Kit, 1/2 dia., 72 Blue Hose, Safety Quik®, 2 Swivel MAX®, restraining device","552,6465"
1650KITCF36,"Safety System Kit, 1/2 dia., 36 Blue Hose, Safety Quik®, 2 elbows, restraining device","293,0865"
1650KITCF48,"Safety System Kit, 1/2 dia., 48 Blue Hose, Safety Quik®, 2 elbows, restraining device","317,961"
1650KITCF60,"Safety System Kit, 1/2 dia., 60 Blue Hose, Safety Quik®, 2 elbows, restraining device","348,24300000000005"
1650KITCF72,"Safety System Kit, 1/2 dia., 72 Blue Hose, Safety Quik®, 2 elbows, restraining device","382,851"
1650KITCFS24,"Safety System Kit, 1/2 dia., 24 Blue Hose, Safety Quik®, Swivel MAX®, 1 elbow, restraining device","383,9325"
1650KITCFS36,"Safety System Kit, 1/2 dia., 36 Blue Hose, Safety Quik®, Swivel MAX®, 1 elbow, restraining device","391,50300000000004"
1650KITCFS48,"Safety System Kit, 1/2 dia., 48 Blue Hose, Safety Quik®, Swivel MAX®, 1 elbow, restraining device","416,3775"
1650KITCFS60,"Safety System Kit, 1/2 dia., 60 Blue Hose, Safety Quik®, Swivel MAX®, 1 elbow, restraining device","439,089"
1650KITCFS72,"Safety System Kit, 1/2 dia., 72 Blue Hose, Safety Quik®, Swivel MAX®, 1 elbow, restraining device","457,4745"
1650KITS24,"Safety System Kit, 1/2 dia., 24 Blue Hose, SnapFast®, Swivel MAX®, full port valve, elbow, restraining device","321,20550000000003"
1650KITS36,"Safety System Kit, 1/2 dia., 36 Blue Hose, SnapFast®, Swivel MAX®, full port valve, elbow, restraining device","326,61300000000006"
1650KITS48,"Safety System Kit, 1/2 dia., 48 Blue Hose, SnapFast®, Swivel MAX®, full port valve, elbow, restraining device","352,569"
1650KITS60,"Safety System Kit, 1/2 dia., 60 Blue Hose, SnapFast®, Swivel MAX®, full port valve, elbow, restraining device","383,9325"
1650KITS72,"Safety System Kit, 1/2 dia., 72 Blue Hose, SnapFast®, Swivel MAX®, full port valve, elbow, restraining device","434,76300000000003"
1650NPFS24,"Safety System Stationary Gas Connector Kit, 1/2 dia., 24 L","57,3195"
1650NPFS36,"Safety System Stationary Gas Connector Kit, 1/2 dia., 36 L","62,727"
1650NPFS48,"Safety System Stationary Gas Connector Kit, 1/2 dia., 48  L","67,053"
1650NPFS60,"Safety System Stationary Gas Connector Kit, 1/2 dia., 60 L","81,1125"
1650NPFS72,"Safety System Stationary Gas Connector Kit, 1/2 dia., 72 L","89,76450000000001"
1650NPKIT24,"Safety System Stationary Gas Connector Kit, 1/2 dia., 24 L, full port valve, 2 elbows","82,194"
1650NPKIT36,"Safety System Stationary Gas Connector Kit, 1/2 dia., 36 L, full port valve, 2 elbows","84,35700000000001"
1650NPKIT48,"Safety System Stationary Gas Connector Kit, 1/2 dia., 48 L, full port valve, 2 elbows","93,009"
1650NPKIT60,"Safety System Stationary Gas Connector Kit, 1/2 dia., 60 L, full port valve, 2 elbows","103,824"
1650NPKIT72,"Safety System Stationary Gas Connector Kit, 1/2 dia., 72 L, full port valve, 2 elbows","110,313"
1675B12,"Braided Safety System Gas Connector -- 3/4 dia., 12 L","128,6985"
1675B24,"Braided Safety System Gas Connector -- 3/4 dia., 24 L","138,43200000000002"
1675B36,"Braided Safety System Gas Connector -- 3/4 dia., 36 L","153,573"
1675B48,"Braided Safety System Gas Connector -- 3/4 dia., 48 L","178,4475"
1675B60,"Braided Safety System Gas Connector -- 3/4 dia., 60 L","211,97400000000002"
1675B72,"Braided Safety System Gas Connector -- 3/4 dia., 72 L","243,3375"
1675BP24,"Blue Hose -- 3/4 dia., 24 L","170,877"
1675BP36,"Blue Hose -- 3/4 dia., 36 L","193,58849999999998"
1675BP48,"Blue Hose -- 3/4 dia., 48 L","222,78900000000002"
1675BP60,"Blue Hose -- 3/4 dia., 60 L","255,234"
1675BP72,"Blue Hose -- 3/4 dia., 72 L","287,67900000000003"
1675BPCF24,"Safety System Kit, 3/4 dia., 24 Blue Hose, Safety Quik®, 1 elbow","340,6725"
1675BPCF2S24,"Safety System Kit, 3/4 dia., 24 Blue Hose, Safety Quik®, 2 Swivel MAX®","503,97900000000004"
1675BPCF2S36,"Safety System Kit, 3/4 dia., 36 Blue Hose, Safety Quik®, 2 Swivel MAX®","538,587"
1675BPCF2S48,"Safety System Kit, 3/4 dia., 48 Blue Hose, Safety Quik®, 2 Swivel MAX®","564,543"
1675BPCF2S60,"Safety System Kit, 3/4 dia., 60 Blue Hose, Safety Quik®, 2 Swivel MAX®","601,314"
1675BPCF2S72,"Safety System Kit, 3/4 dia., 72 Blue Hose, Safety Quik®, 2 Swivel MAX®","638,085"
1675BPCF36,"Safety System Kit, 3/4 dia., 36 Blue Hose, Safety Quik®, 1 elbow","363,384"
1675BPCF48,"Safety System Kit, 3/4 dia., 48 Blue Hose, Safety Quik®, 1 elbow","397,99199999999996"
1675BPCF60,"Safety System Kit, 3/4 dia., 60 Blue Hose, Safety Quik®, 1 elbow","432,6"
1675BPCF72,"Safety System Kit, 3/4 dia., 72 Blue Hose, Safety Quik®, 1 elbow","466,1265"
1675BPCFS24,"Safety System Kit, 3/4 dia., 24 Blue Hose, Safety Quik®, Swivel MAX®, 1 elbow","415,296"
1675BPCFS36,"Safety System Kit, 3/4 dia., 36 Blue Hose, Safety Quik®, Swivel MAX®, 1 elbow","448,8225"
1675BPCFS48,"Safety System Kit, 3/4 dia., 48 Blue Hose, Safety Quik®, Swivel MAX®, 1 elbow","482,34900000000005"
1675BPCFS60,"Safety System Kit, 3/4 dia., 60 Blue Hose, Safety Quik®, Swivel MAX®, 1 elbow","513,7125"
1675BPCFS72,"Safety System Kit, 3/4 dia., 72 Blue Hose, Safety Quik®, Swivel MAX®, 1 elbow","543,9945"
1675BPQ24,"Safety System Kit, 3/4 dia., 24 Blue Hose, SnapFast®, 1 elbow","280,1085"
1675BPQ2S24,"Safety System Kit, 3/4 dia., 24 Blue Hose, SnapFast®, 2 Swivel MAX®","449,904"
1675BPQ2S36,"Safety System Kit, 3/4 dia., 36 Blue Hose, SnapFast®, 2 Swivel MAX®","466,1265"
1675BPQ2S48,"Safety System Kit, 3/4 dia., 48 Blue Hose, SnapFast®, 2 Swivel MAX®","501,816"
1675BPQ2S60,"Safety System Kit, 3/4 dia., 60 Blue Hose, SnapFast®, 2 Swivel MAX®","538,587"
1675BPQ2S72,"Safety System Kit, 3/4 dia., 72 Blue Hose, SnapFast®, 2 Swivel MAX®","568,8689999999999"
1675BPQ2SR24,"Safety System Kit, 3/4 dia., 24 Blue Hose, SnapFast®, 2 Swivel MAX®, restraining device","473,697"
1675BPQ2SR36,"Safety System Kit, 3/4 dia., 36 Blue Hose, SnapFast®, 2 Swivel MAX®, restraining device","496,4085"
1675BPQ2SR48,"Safety System Kit, 3/4 dia., 48 Blue Hose, SnapFast®, 2 Swivel MAX®, restraining device","533,1795"
1675BPQ2SR60,"Safety System Kit, 3/4 dia., 60 Blue Hose, SnapFast®, 2 Swivel MAX®, restraining device","563,4615"
1675BPQ2SR72,"Safety System Kit, 3/4 dia., 72 Blue Hose, SnapFast®, 2 Swivel MAX®, restraining device","587,2545"
1675BPQ36,"Safety System Kit, 3/4 dia., 36 Blue Hose, SnapFast®, 1 elbow","288,76050000000004"
1675BPQ48,"Safety System Kit, 3/4 dia., 48 Blue Hose, SnapFast®, 1 elbow","321,20550000000003"
1675BPQ60,"Safety System Kit, 3/4 dia., 60 Blue Hose, SnapFast®, 1 elbow","370,9545"
1675BPQ72,"Safety System Kit, 3/4 dia., 72 Blue Hose, SnapFast®, 1 elbow","402,31800000000004"
1675BPQR24,"Safety System Kit, 3/4 dia., 24 Blue Hose, SnapFast®, 1 elbow, restraining device","306,0645"
1675BPQR36,"Safety System Kit, 3/4 dia., 36 Blue Hose, SnapFast®, 1 elbow, restraining device","309,309"
1675BPQR48,"Safety System Kit, 3/4 dia., 48 Blue Hose, SnapFast®, 1 elbow, restraining device","344,9985"
1675BPQR60,"Safety System Kit, 3/4 dia., 60 Blue Hose, SnapFast®, 1 elbow, restraining device","391,50300000000004"
1675BPQR72,"Safety System Kit, 3/4 dia., 72 Blue Hose, SnapFast®, 1 elbow, restraining device","427,1925"
1675BPQS24,"Safety System Kit, 3/4 dia., 24 Blue Hose, SnapFast®, Swivel MAX®","376,36199999999997"
1675BPQS36,"Safety System Kit, 3/4 dia., 36 Blue Hose, SnapFast®, Swivel MAX®","382,851"
1675BPQS48,"Safety System Kit, 3/4 dia., 48 Blue Hose, SnapFast®, Swivel MAX®","420,7035"
1675BPQS60,"Safety System Kit, 3/4 dia., 60 Blue Hose, SnapFast®, Swivel MAX®","452,067"
1675BPQS72,"Safety System Kit, 3/4 dia., 72 Blue Hose, SnapFast®, Swivel MAX®","491,001"
1675BPQSR24,"Safety System Kit, 3/4 dia., 24 Blue Hose, SnapFast®, Swivel MAX®, 1 elbow, restraining device","403,3995"
1675BPQSR36,"Safety System Kit, 3/4 dia., 36 Blue Hose, SnapFast®, Swivel MAX®, 1 elbow, restraining device","409,8885"
1675BPQSR48,"Safety System Kit, 3/4 dia., 48 Blue Hose, SnapFast®, Swivel MAX®, 1 elbow, restraining device","440,17050000000006"
1675BPQSR60,"Safety System Kit, 3/4 dia., 60 Blue Hose, SnapFast®, Swivel MAX®, 1 elbow, restraining device","474,7785"
1675BPQSR72,"Safety System Kit, 3/4 dia., 72 Blue Hose, SnapFast®, Swivel MAX®, 1 elbow, restraining device","522,3645"
1675BQ12,"Braided Safety System Gas Connector -- 3/4 dia., 12 L, elbow, SnapFast® QD","221,7075"
1675BQ24,"Braided Safety System Gas Connector -- 3/4 dia., 24 L, elbow, SnapFast® QD","239,0115"
1675BQ36,"Braided Safety System Gas Connector -- 3/4 dia., 36 L, elbow, SnapFast® QD","258,4785"
1675BQ48,"Braided Safety System Gas Connector -- 3/4 dia., 48 L, elbow, SnapFast® QD","284,43449999999996"
1675BQ60,"Braided Safety System Gas Connector -- 3/4 dia., 60 L, elbow, SnapFast® QD","317,961"
1675BQ72,"Braided Safety System Gas Connector -- 3/4 dia., 72 L, elbow, SnapFast® QD","350,406"
1675KIT24,"Safety System Kit, 3/4 dia., 24 Blue Hose, SnapFast®, full port valve, 2 elbows, restraining device","317,961"
1675KIT2S24,"Safety System Kit, 3/4 dia., 24 Blue Hose, SnapFast®, 2 Swivel MAX®, full port valve, elbow, restraining device","505,06050000000005"
1675KIT2S36,"Safety System Kit, 3/4 dia., 36 Blue Hose, SnapFast®, 2 Swivel MAX®, full port valve, elbow, restraining device","520,2015"
1675KIT2S48,"Safety System Kit, 3/4 dia., 48 Blue Hose, SnapFast®, 2 Swivel MAX®, full port valve, elbow, restraining device","548,3205"
1675KIT2S60,"Safety System Kit, 3/4 dia., 60 Blue Hose, SnapFast®, 2 Swivel MAX®, full port valve, elbow, restraining device","589,4175"
1675KIT2S72,"Safety System Kit, 3/4 dia., 72 Blue Hose, SnapFast®, 2 Swivel MAX®, full port valve, elbow, restraining device","621,8625000000001"
1675KIT36,"Safety System Kit, 3/4 dia., 36 Blue Hose, SnapFast®, full port valve, 2 elbows, restraining device","327,6945"
1675KIT48,"Safety System Kit, 3/4 dia., 48 Blue Hose, SnapFast®, full port valve, 2 elbows, restraining device","352,569"
1675KIT60,"Safety System Kit, 3/4 dia., 60 Blue Hose, SnapFast®, full port valve, 2 elbows, restraining device","405,5625"
1675KIT72,"Safety System Kit, 3/4 dia., 72 Blue Hose, SnapFast®, full port valve, 2 elbows, restraining device","436,926"
1675KITCF24,"Safety System Kit, 3/4 dia., 24 Blue Hose, Safety Quik®, 2 elbows, restraining device","357,97650000000004"
1675KITCF2S24,"Safety System Kit, 3/4 dia., 24 Blue Hose, Safety Quik®, 2 Swivel MAX®, restraining device","542,913"
1675KITCF2S36,"Safety System Kit, 3/4 dia., 36 Blue Hose, Safety Quik®, 2 Swivel MAX®, restraining device","564,543"
1675KITCF2S48,"Safety System Kit, 3/4 dia., 48 Blue Hose, Safety Quik®, 2 Swivel MAX®, restraining device","596,988"
1675KITCF2S60,"Safety System Kit, 3/4 dia., 60 Blue Hose, Safety Quik®, 2 Swivel MAX®, restraining device","634,8405"
1675KITCF2S72,"Safety System Kit, 3/4 dia., 72 Blue Hose, Safety Quik®, 2 Swivel MAX®, restraining device","646,737"
1675KITCF36,"Safety System Kit, 3/4 dia., 36 Blue Hose, Safety Quik®, 2 elbows, restraining device","378,52500000000003"
1675KITCF48,"Safety System Kit, 3/4 dia., 48 Blue Hose, Safety Quik®, 2 elbows, restraining device","410,97"
1675KITCF60,"Safety System Kit, 3/4 dia., 60 Blue Hose, Safety Quik®, 2 elbows, restraining device","447,741"
1675KITCF72,"Safety System Kit, 3/4 dia., 72 Blue Hose, Safety Quik®, 2 elbows, restraining device","479,1045"
1675KITCFS24,"Safety System Kit, 3/4 dia., 24 Blue Hose, Safety Quik®, Swivel MAX®, 1 elbow, restraining device","456,39300000000003"
1675KITCFS36,"Safety System Kit, 3/4 dia., 36 Blue Hose, Safety Quik®, Swivel MAX®, 1 elbow, restraining device","476,9415"
1675KITCFS48,"Safety System Kit, 3/4 dia., 48 Blue Hose, Safety Quik®, Swivel MAX®, 1 elbow, restraining device","511,54949999999997"
1675KITCFS60,"Safety System Kit, 3/4 dia., 60 Blue Hose, Safety Quik®, Swivel MAX®, 1 elbow, restraining device","548,3205"
1675KITCFS72,"Safety System Kit, 3/4 dia., 72 Blue Hose, Safety Quik®, Swivel MAX®, 1 elbow, restraining device","580,7655000000001"
1675KITS24,"Safety System Kit, 3/4 dia., 24 Blue Hose, SnapFast®, Swivel MAX®, full port valve, elbow, restraining device","412,05150000000003"
1675KITS36,"Safety System Kit, 3/4 dia., 36 Blue Hose, SnapFast®, Swivel MAX®, full port valve, elbow, restraining device","421,785"
1675KITS48,"Safety System Kit, 3/4 dia., 48 Blue Hose, SnapFast®, Swivel MAX®, full port valve, elbow, restraining device","455,3115"
1675KITS60,"Safety System Kit, 3/4 dia., 60 Blue Hose, SnapFast®, Swivel MAX®, full port valve, elbow, restraining device","497,49"
1675KITS72,"Safety System Kit, 3/4 dia., 72 Blue Hose, SnapFast®, Swivel MAX®, full port valve, elbow, restraining device","532,0980000000001"
1675NPFS24,"Safety System Stationary Gas Connector Kit, 3/4 dia., 24 L","83,2755"
1675NPFS36,"Safety System Stationary Gas Connector Kit, 3/4 dia., 36 L","94,09049999999999"
1675NPFS48,"Safety System Stationary Gas Connector Kit, 3/4 dia., 48 L","108,15"
1675NPFS60,"Safety System Stationary Gas Connector Kit, 3/4 dia., 60 L","117,88350000000001"
1675NPFS72,"Safety System Stationary Gas Connector Kit, 3/4 dia., 72 L","133,02450000000002"
1675NPKIT24,"Safety System Stationary Gas Connector Kit, 3/4 dia., 24 L, full port valve, 2 elbows","114,639"
1675NPKIT36,"Safety System Stationary Gas Connector Kit, 3/4 dia., 36 L, full port valve, 2 elbows","125,454"
1675NPKIT48,"Safety System Stationary Gas Connector Kit, 3/4 dia., 48 L, full port valve, 2 elbows","138,43200000000002"
1675NPKIT60,"Safety System Stationary Gas Connector Kit, 3/4 dia., 60 L, full port valve, 2 elbows","148,1655"
1675NPKIT72,"Safety System Stationary Gas Connector Kit, 3/4 dia., 72 L, full port valve, 2 elbows","164,388"
20D-10QD,"Portable Outdoor NG/LP Gas Connector, 10' L, 3/8 F flare x 3/8 F NPT QD","107,88"
20D-12QD,"Portable Outdoor NG/LP Gas Connector, 12' L, 3/8 F flare x 3/8 F NPT QD","113,56"
30D-10QD,"Portable Outdoor NG/LP Gas Connector, 10' L, 1/2 F flare x 1/2 F NPT QD","142,22"
30D-12QD,"Portable Outdoor NG/LP Gas Connector, 12' L, 1/2 F flare x 1/2 F NPT QD","147,63"
70-4132,"3/4 M NPT x 1/2 F NPT bushing","7,0349"
70-5142,"1 M NPT x 3/4 F NPT bushing","7,0349"
70-6152,"1-1/4 M NPT x 1 F NPT bushing","8,435699999999999"
71-1114-48,"Swirl Hose Assembly, 1/4 dia., 48 L, 1/4 M adapter x 1/4 F elbow","56,7"
71-1114-72,"Swirl Hose Assembly, 1/4 dia., 72 L, 1/4 M adapter x 1/4 F elbow","61,95"
71-1115-48,"Swirl Hose Assembly, 1/4 dia., 48 L, 1/4 M elbow x 1/4 2-way QD",126
71-1115-72,"Swirl Hose Assembly, 1/4 dia., 72 L, 1/4 M elbow x 1/4 2-way QD","130,2"
71-1118-48,"Swirl Hose Assembly, 1/4 dia., 48 L, 1/4 M NPT x 1/4 F flare","61,95"
71-1118-72,"Swirl Hose Assembly, 1/4 dia., 72 L, 1/4 M NPT x 1/4 F flare","66,15"
71-1128-48,"Swirl Hose Assembly, 1/4 dia., 48 L, 1/4 M NPT x 3/8 F flare","61,95"
71-1128-72,"Swirl Hose Assembly, 1/4 dia., 72 L, 1/4 M NPT x 3/8 F flare","66,15"
72-2124-48,"Swirl Hose Assembly, 3/8 dia., 48 L, 3/8 M adapter x 3/8 F elbow","76,65"
72-2124-72,"Swirl Hose Assembly, 3/8 dia., 72 L, 3/8 M adapter x 3/8 F elbow","87,15"
72-2125-48,"Swirl Hose Assembly, 3/8 dia., 48 L, 3/8 M elbow x 3/8 2-way QD","162,75"
72-2125-72,"Swirl Hose Assembly, 3/8 dia., 72 L, 3/8 M elbow x 3/8 2-way QD","173,25"
73-3134-48,"Swirl Hose Assembly, 1/2 dia., 48 L, 1/2 M adapter x 1/2 M elbow","124,95"
73-3134-72,"Swirl Hose Assembly, 1/2 dia., 72 L, 1/2 M adapter x 1/2 M elbow","144,9"
73-3135-48,"Swirl Hose Assembly, 1/2 dia., 48 L, 1/2 M elbow x 1/2 2-way QD","234,15"
73-3135-72,"Swirl Hose Assembly, 1/2 dia., 72 L, 1/2 M elbow x 1/2 2-way QD","248,85"
A100,"1 SnapFast® Quick Disconnect","140,595"
A125,"1-1/4 SnapFast® Quick Disconnect","293,0865"
A50,"1/2 SnapFast® Quick Disconnect","74,6235"
A75,"3/4 SnapFast® Quick Disconnect","103,824"
CAN16100BPEV24,"Safety System Stationary Gas Connector Kit for Canada, 1 dia., 24 L, full port valve, 2 couplers, 2 elbows ","215,73"
CAN16100BPEV36,"Safety System Stationary Gas Connector Kit for Canada, 1 dia., 36 L, full port valve, 2 couplers, 2 elbows ","246,58200000000002"
CAN16100BPEV48,"Safety System Stationary Gas Connector Kit for Canada, 1 dia., 48 L, full port valve, 2 couplers, 2 elbows ","282,2715"
CAN16100BPEV60,"Safety System Stationary Gas Connector Kit for Canada, 1 dia., 60 L, full port valve, 2 couplers, 2 elbows ","320,89"
CAN16100BPEV72,"Safety System Stationary Gas Connector Kit for Canada,, 1 dia., 72 L, full port valve, 2 couplers, 2 elbows ","359,91"
CAN16125BPEV24,"Safety System Stationary Gas Connector Kit for Canada, 1-1/4 dia., 24 L, full port valve, 2 couplers, 2 elbows ","300,657"
CAN16125BPEV36,"Safety System Stationary Gas Connector Kit for Canada, 1-1/4 dia., 36 L, full port valve, 2 couplers, 2 elbows ","336,34650000000005"
CAN16125BPEV48,"Safety System Stationary Gas Connector Kit for Canada, 1-1/4 dia., 48 L, full port valve, 2 couplers, 2 elbows ","393,666"
CAN16125BPEV60,"Safety System Stationary Gas Connector Kit for Canada, 1-1/4 dia., 60 L, full port valve, 2 couplers, 2 elbows ","453,1485"
CAN16125BPEV72,"Safety System Stationary Gas Connector Kit for Canada, 1-1/4 dia., 72 L, full port valve, 2 couplers, 2 elbows ","511,54949999999997"
CAN1650BPEV24,"Safety System Stationary Gas Connector Kit for Canada, 1/2 dia., 24 L, full port valve, 2 couplers, 2 elbows ","148,1655"
CAN1650BPEV36,"Safety System Stationary Gas Connector Kit for Canada, 1/2 dia., 36 L, full port valve, 2 couplers, 2 elbows ","156,8175"
CAN1650BPEV48,"Safety System Stationary Gas Connector Kit for Canada, 1/2 dia., 48 L, full port valve, 2 couplers, 2 elbows ","174,12150000000003"
CAN1650BPEV60,"Safety System Stationary Gas Connector Kit for Canada, 1/2 dia., 60 L, full port valve, 2 couplers, 2 elbows ","226,0335"
CAN1650BPEV72,"Safety System Stationary Gas Connector Kit for Canada, 1/2 dia., 72 L, full port valve, 2 couplers, 2 elbows ","233,604"
CAN1675BPEV24,"Safety System Stationary Gas Connector Kit for Canada, 3/4 dia., 24 L, full port valve, 2 couplers, 2 elbows ","190,34400000000002"
CAN1675BPEV36,"Safety System Stationary Gas Connector Kit for Canada, 3/4 dia., 36 L, full port valve, 2 couplers, 2 elbows ","208,7295"
CAN1675BPEV48,"Safety System Stationary Gas Connector Kit for Canada, 3/4 dia., 48 L, full port valve, 2 couplers, 2 elbows ","235,76700000000002"
CAN1675BPEV60,"Safety System Stationary Gas Connector Kit for Canada, 3/4 dia., 60 L, full port valve, 2 couplers, 2 elbows ","268,212"
CAN1675BPEV72,"Safety System Stationary Gas Connector Kit for Canada, 3/4 dia., 72 L, full port valve, 2 couplers, 2 elbows ","298,494"
CF-100,"1 dia. Safety Quik® QDV fitting","211,97400000000002"
CF-50,"1/2 dia. Safety Quik® QDV fitting","121,128"
CF-75,"3/4 dia. Safety Quik® QDV fitting","152,4915"
CMB37BP2Q48,"Safety System Combi-Oven Connector, 3/8 dia., 48 L, 3/4 hose BIB x 3/8 2-way QD","413,13300000000004"
CMB37BP2Q60,"Safety System Combi-Oven Connector, 3/8 dia., 60 L, 3/4 hose BIB x 3/8 2-way QD","434,76300000000003"
CMB37BP48,"Safety System Combi-Oven Connector, 3/8 dia., 48 L, 3/4 hose BIB x 3/8 MIP","298,494"
CMB37BP60,"Safety System Combi-Oven Connector, 3/8 dia., 60 L, 3/4 hose BIB x 3/8 MIP","319,0425"
CT165024,"Safety System Moveable Countertop Gas Connector, 1/2 dia., 24 L, 1/2 F x F elbow, 1/2 F x 3/4 F reducing elbow. Sold in packs of 6.","72,4605"
CT165036,"Safety System Moveable Countertop Gas Connector, 1/2 dia., 36 L, 1/2 F x F elbow, 1/2 F x 3/4 F reducing elbow. Sold in packs of 6.","84,35700000000001"
CT1650KIT24,"Safety System Moveable Countertop Gas Connector Kit, 1/2 dia., 24 L, 1/2 F x F elbow, 1/2 F x 3/4 F reducing elbow, full port valve. Sold in packs of 6.","81,1125"
CT1650KIT36,"Safety System Moveable Countertop Gas Connector Kit, 1/2 dia., 36 L, 1/2 F x F elbow, 1/2 F x 3/4 F reducing elbow, full port valve. Sold in packs of 6.","90,846"
H100BIP24,"Safety System Steam Connector, 1 dia., 24 L","299,57550000000003"
H100BIP2Q24,"Safety System Steam Connector, 1 dia., 24 L, 2-way QD","522,3645"
H100BIP2Q36,"Safety System Steam Connector, 1 dia., 36 L, 2-way QD","567,7875"
H100BIP2Q48,"Safety System Steam Connector, 1 dia., 48 L, 2-way QD","632,6775"
H100BIP2Q60,"Safety System Steam Connector, 1 dia., 60 L, 2-way QD","697,5675"
H100BIP2Q72,"Safety System Steam Connector, 1 dia., 72 L, 2-way QD","746,235"
H100BIP36,"Safety System Steam Connector, 1 dia., 36 L","346,08"
H100BIP48,"Safety System Steam Connector, 1 dia., 48 L","415,296"
H100BIP60,"Safety System Steam Connector, 1 dia., 60 L","483,43050000000005"
H100BIP72,"Safety System Steam Connector, 1 dia., 72 L","533,1795"
H50BIP24,"Safety System Steam Connector, 1/2 dia., 24 L","154,6545"
H50BIP2Q24,"Safety System Steam Connector, 1/2 dia., 24 L, 2-way QD","261,723"
H50BIP2Q36,"Safety System Steam Connector, 1/2 dia., 36 L, 2-way QD","283,353"
H50BIP2Q48,"Safety System Steam Connector, 1/2 dia., 48 L, 2-way QD","313,635"
H50BIP2Q60,"Safety System Steam Connector, 1/2 dia., 60 L, 2-way QD","343,917"
H50BIP2Q72,"Safety System Steam Connector, 1/2 dia., 72 L, 2-way QD","375,2805"
H50BIP36,"Safety System Steam Connector, 1/2 dia., 36 L","186,018"
H50BIP48,"Safety System Steam Connector, 1/2 dia., 48 L","219,5445"
H50BIP60,"Safety System Steam Connector, 1/2 dia., 60 L","250,908"
H50BIP72,"Safety System Steam Connector, 1/2 dia., 72 L","280,1085"
H75BIP24,"Safety System Steam Connector, 3/4 dia., 24 L","233,604"
H75BIP2Q24,"Safety System Steam Connector, 3/4 dia., 24 L, 2-way QD","403,3995"
H75BIP2Q36,"Safety System Steam Connector, 3/4 dia., 36 L, 2-way QD","432,6"
H75BIP2Q48,"Safety System Steam Connector, 3/4 dia., 48 L, 2-way QD","479,1045"
H75BIP2Q60,"Safety System Steam Connector, 3/4 dia., 60 L, 2-way QD","525,609"
H75BIP2Q72,"Safety System Steam Connector, 3/4 dia., 72 L, 2-way QD","571,032"
H75BIP36,"Safety System Steam Connector, 3/4 dia., 36 L","264,96750000000003"
H75BIP48,"Safety System Steam Connector, 3/4 dia., 48 L","313,635"
H75BIP60,"Safety System Steam Connector, 3/4 dia., 60 L","362,3025"
H75BIP72,"Safety System Steam Connector, 3/4 dia., 72 L","407,7255"
LF90-1112,"1/4 M NPT x 1/4 F flare fitting","8,19"
LF90-1122,"1/4 M NPT x 3/8 F flare fitting","8,19"
LF90-4142GH,"3/4 hose BIB garden hose adapter","9,32"
LF95-1112,"1/4 M NPT x 1/4 F flare elbow","7,07"
LF95-2122,"3/8 M NPT x 3/8 F flare elbow","8,19"
LF95-3131,"1/2 M NPT x 1/2 M NPT elbow","16,39"
LFW100QD,"Water QD 2-way coupling, 1 dia.","285,516"
LFW25QD,"Water QD 2-way coupling, 1/4 dia.","91,92750000000001"
LFW37QD,"Water QD 2-way coupling, 3/8 dia.","113,5575"
LFW50QD,"Water QD 2-way coupling, 1/2 dia.","135,1875"
LFW75QD,"Water QD 2-way coupling, 3/4 dia.","230,35950000000003"
PS,"2 Safety-Set positioning system units, installation kit","86,52"
R48N32-0306-3.5,"1/2 Natural Gas Regulator, 250,000 BTU","40,4893"
R48N42-0306-3.5,"3/4 Natural Gas Regulator, 250,000 BTU","40,4893"
R48P32-0512-10,"1/2 LP Gas Regulator, 250,000 BTU","40,4893"
R48P42-0512-10,"3/4 LP Gas Regulator, 250,000 BTU","40,4893"
RDC24,"Restraining Device and installation kit for 12 and 24 gas connectors","25,956"
RDC36,"Restraining Device and installation kit for 36 gas connectors","28,119"
RDC48,"Restraining Device and installation kit for 48 gas connectors","30,282"
RDC60,"Restraining Device and installation kit for 60 and 72 gas connectors","31,3635"
RV47CL-33,"3/8 Convertible Gas Regulator, Natural and LP Gas, 125,000 BTU","41,612"
RV47LLP-22,"3/8 LP Gas Regulator, 125,000 BTU","38,243900000000004"
RV47LNG-22,"3/8 Natural Gas Regulator,  125,000 BTU","38,243900000000004"
RV48CL-32,"1/2 Convertible Gas Regulator, Natural and LP Gas, 250,000 BTU","44,9904"
RV48CL-42,"3/4 Convertible Gas Regulator, Natural and LP Gas, 250,000 BTU","44,9904"
RV61LLP-52,"1 LP Gas Regulator, 2,500,000 BTU","148,46419999999998"
RV61LLP-62,"1-1/4 LP Gas Regulator, 2,500,000 BTU","148,46419999999998"
RV61LNG-52,"1 Natural Gas Regulator, 2,500,000 BTU","148,46419999999998"
RV61LNG-62,"1-1/4 Natural Gas Regulator, 2,500,000 BTU","148,46419999999998"
RV81LNG-72,"1-1/2 Natural Gas Regulator, 4,500,000 BTU","317,137"
SM100,"Swivel MAX®, 1, 360° multi-plane rotation fitting","173,04"
SM125,"Swivel MAX®, 1-1/4, 360° multi-plane rotation fitting","300,657"
SM50,"Swivel MAX®, 1/2, 360° multi-plane rotation fitting","103,824"
SM75,"Swivel MAX®, 3/4, 360° multi-plane rotation fitting","107,0685"
W100B24,"Safety System Hi-PSI Water Connector, 1 dia., 24 L ","208,7295"
W100B2Q24,"Safety System Hi-PSI Water Connector, 1 dia., 24 L, 2-way QD","439,089"
W100B2Q36,"Safety System Hi-PSI Water Connector, 1 dia., 36 L, 2-way QD","455,3115"
W100B2Q48,"Safety System Hi-PSI Water Connector, 1 dia., 48 L, 2-way QD","491,001"
W100B2Q60,"Safety System Hi-PSI Water Connector, 1 dia., 60 L, 2-way QD","526,6905"
W100B2Q72,"Safety System Hi-PSI Water Connector, 1 dia., 72 L, 2-way QD","560,217"
W100B36,"Safety System Hi-PSI Water Connector, 1 dia., 36 L ","233,604"
W100B48,"Safety System Hi-PSI Water Connector, 1 dia., 48 L","268,212"
W100B60,"Safety System Hi-PSI Water Connector, 1 dia., 60 L ","306,0645"
W100B72,"Safety System Hi-PSI Water Connector, 1 dia., 72 L ","341,754"
W100BP24,"Safety System Hi-PSI Water Connector, 1 dia., 24 L","247,6635"
W100BP2Q24,"Safety System Hi-PSI Water Connector, 1 dia., 24 L, 2-wayQD","478,023"
W100BP2Q36,"Safety System Hi-PSI Water Connector, 1 dia., 36 L, 2-wayQD","502,89750000000004"
W100BP2Q48,"Safety System Hi-PSI Water Connector, 1 dia., 48 L, 2-way QD","546,1575"
W100BP2Q60,"Safety System Hi-PSI Water Connector, 1 dia., 60 L, 2-way QD","591,5805"
W100BP2Q72,"Safety System Hi-PSI Water Connector, 1 dia., 72 L, 2-way QD","637,0035"
W100BP36,"Safety System Hi-PSI Water Connector, 1 dia., 36 L","283,353"
W100BP48,"Safety System Hi-PSI Water Connector, 1 dia., 48 L","328,776"
W100BP60,"Safety System Hi-PSI Water Connector, 1 dia., 60 L","375,2805"
W100BP72,"Safety System Hi-PSI Water Connector, 1 dia., 72 L","420,7035"
W25B24,"Safety System Hi-PSI Water Connector, 1/4 dia., 24 L","93,009"
W25B2Q24,"Safety System Hi-PSI Water Connector, 1/4 dia., 24 L, 2-way QD","165,4695"
W25B2Q36,"Safety System Hi-PSI Water Connector, 1/4 dia., 36 L, 2-way QD","175,203"
W25B2Q48,"Safety System Hi-PSI Water Connector, 1/4 dia., 48 L, 2-way QD","187,0995"
W25B2Q60,"Safety System Hi-PSI Water Connector, 1/4 dia., 60 L, 2-way QD","197,9145"
W25B2Q72,"Safety System Hi-PSI Water Connector, 1/4 dia., 72 L, 2-way QD","214,137"
W25B36,"Safety System Hi-PSI Water Connector, 1/4 dia., 36 L","102,7425"
W25B48,"Safety System Hi-PSI Water Connector, 1/4 dia., 48 L ","113,5575"
W25B60,"Safety System Hi-PSI Water Connector, 1/4 dia., 60 L ","128,6985"
W25B72,"Safety System Hi-PSI Water Connector, 1/4 dia., 72 L ","141,6765"
W25BP24,"Safety System Hi-PSI Water Connector, 1/4 dia., 24 L","118,965"
W25BP2Q24,"Safety System Hi-PSI Water Connector, 1/4 dia., 24 L, 2-way QD","189,26250000000002"
W25BP2Q36,"Safety System Hi-PSI Water Connector, 1/4 dia., 36 L, 2-wayQD","209,811"
W25BP2Q48,"Safety System Hi-PSI Water Connector, 1/4 dia., 48 L, 2-wayQD","231,441"
W25BP2Q60,"Safety System Hi-PSI Water Connector, 1/4 dia., 60 L, 2-wayQD","255,234"
W25BP2Q72,"Safety System Hi-PSI Water Connector, 1/4 dia., 72 L, 2-wayQD","280,1085"
W25BP36,"Safety System Hi-PSI Water Connector, 1/4 dia., 36 L","137,3505"
W25BP48,"Safety System Hi-PSI Water Connector, 1/4 dia., 48 L","164,388"
W25BP60,"Safety System Hi-PSI Water Connector, 1/4 dia., 60 L","186,018"
W25BP72,"Safety System Hi-PSI Water Connector, 1/4 dia., 72 L","213,0555"
W37B24,"Safety System Hi-PSI Water Connector, 3/8 dia., 24 L ","102,7425"
W37B2Q24,"Safety System Hi-PSI Water Connector, 3/8 dia., 24 L, 2-way QD","190,34400000000002"
W37B2Q36,"Safety System Hi-PSI Water Connector, 3/8 dia., 36 L, 2-way QD","200,07750000000001"
W37B2Q48,"Safety System Hi-PSI Water Connector, 3/8 dia., 48 L, 2-way QD","218,463"
W37B2Q60,"Safety System Hi-PSI Water Connector, 3/8 dia., 60 L, 2-way QD","232,5225"
W37B2Q72,"Safety System Hi-PSI Water Connector, 3/8 dia., 72 L, 2-way QD","248,745"
W37B36,"Safety System Hi-PSI Water Connector, 3/8 dia., 36 L ","112,476"
W37B48,"Safety System Hi-PSI Water Connector, 3/8 dia., 48 L ","129,78"
W37B60,"Safety System Hi-PSI Water Connector, 3/8 dia., 60 L ","147,084"
W37B72,"Safety System Hi-PSI Water Connector, 3/8 dia., 72 L ","164,388"
W37BP24,"Safety System Hi-PSI Water Connector, 3/8 dia., 24 L","130,8615"
W37BP2Q24,"Safety System Hi-PSI Water Connector, 3/8 dia., 24 L, 2-wayQD","220,626"
W37BP2Q36,"Safety System Hi-PSI Water Connector, 3/8 dia., 36 L, 2-wayQD","233,604"
W37BP2Q48,"Safety System Hi-PSI Water Connector, 3/8 dia., 48 L, 2-wayQD","260,6415"
W37BP2Q60,"Safety System Hi-PSI Water Connector, 3/8 dia., 60 L, 2-wayQD","287,67900000000003"
W37BP2Q72,"Safety System Hi-PSI Water Connector, 3/8 dia., 72 L, 2-wayQD","317,961"
W37BP36,"Safety System Hi-PSI Water Connector, 3/8 dia., 36 L","148,1655"
W37BP48,"Safety System Hi-PSI Water Connector, 3/8 dia., 48 L","174,12150000000003"
W37BP60,"Safety System Hi-PSI Water Connector, 3/8 dia., 60 L","205,485"
W37BP72,"Safety System Hi-PSI Water Connector, 3/8 dia., 72 L","233,604"
W50B24,"Safety System Hi-PSI Water Connector, 1/2 dia., 24 L ","113,5575"
W50B2Q24,"Safety System Hi-PSI Water Connector, 1/2 dia., 24 L, 2-way QD","216,3"
W50B2Q36,"Safety System Hi-PSI Water Connector, 1/2 dia., 36 L, 2-way QD","228,19650000000001"
W50B2Q48,"Safety System Hi-PSI Water Connector, 1/2 dia., 48 L, 2-way QD","246,58200000000002"
W50B2Q60,"Safety System Hi-PSI Water Connector, 1/2 dia., 60 L, 2-way QD","267,13050000000004"
W50B2Q72,"Safety System Hi-PSI Water Connector, 1/2 dia., 72 L, 2-way QD","283,353"
W50B36,"Safety System Hi-PSI Water Connector, 1/2 dia., 36 L ","128,6985"
W50B48,"Safety System Hi-PSI Water Connector, 1/2 dia., 48 L","148,1655"
W50B60,"Safety System Hi-PSI Water Connector, 1/2 dia., 60 L ","168,71400000000003"
W50B72,"Safety System Hi-PSI Water Connector, 1/2 dia., 72 L ","186,018"
W50BP24,"Safety System Hi-PSI Water Connector, 1/2 dia., 24 L","144,921"
W50BP2Q24,"Safety System Hi-PSI Water Connector, 1/2 dia., 24 L, 2-wayQD","240,093"
W50BP2Q36,"Safety System Hi-PSI Water Connector, 1/2 dia., 36 L, 2-wayQD","259,56"
W50BP2Q48,"Safety System Hi-PSI Water Connector, 1/2 dia., 48 L, 2-wayQD","285,516"
W50BP2Q60,"Safety System Hi-PSI Water Connector, 1/2 dia., 60 L, 2-wayQD","314,7165"
W50BP2Q72,"Safety System Hi-PSI Water Connector, 1/2 dia., 72 L, 2-wayQD","347,16150000000005"
W50BP36,"Safety System Hi-PSI Water Connector, 1/2 dia., 36 L","160,062"
W50BP48,"Safety System Hi-PSI Water Connector, 1/2 dia., 48 L","189,26250000000002"
W50BP60,"Safety System Hi-PSI Water Connector, 1/2 dia., 60 L","220,626"
W50BP72,"Safety System Hi-PSI Water Connector, 1/2 dia., 72 L","253,071"
W75B24,"Safety System Hi-PSI Water Connector, 3/4 dia., 24 L ","153,573"
W75B2Q24,"Safety System Hi-PSI Water Connector, 3/4 dia., 24 L, 2-way QD","330,939"
W75B2Q36,"Safety System Hi-PSI Water Connector, 3/4 dia., 36 L, 2-way QD","341,754"
W75B2Q48,"Safety System Hi-PSI Water Connector, 3/4 dia., 48 L, 2-way QD","367,71000000000004"
W75B2Q60,"Safety System Hi-PSI Water Connector, 3/4 dia., 60 L, 2-way QD","391,50300000000004"
W75B2Q72,"Safety System Hi-PSI Water Connector, 3/4 dia., 72 L, 2-way QD","417,459"
W75B36,"Safety System Hi-PSI Water Connector, 3/4 dia., 36 L ","171,9585"
W75B48,"Safety System Hi-PSI Water Connector, 3/4 dia., 48 L ","196,833"
W75B60,"Safety System Hi-PSI Water Connector, 3/4 dia., 60 L","222,78900000000002"
W75B72,"Safety System Hi-PSI Water Connector, 3/4 dia., 72 L ","250,908"
W75BP2Q24,"Safety System Hi-PSI Water Connector, 3/4 dia., 24 L, 2-wayQD","363,384"
W75BP2Q36,"Safety System Hi-PSI Water Connector, 3/4 dia., 36 L, 2-wayQD","378,52500000000003"
W75BP2Q48,"Safety System Hi-PSI Water Connector, 3/4 dia., 48 L, 2-wayQD","415,296"
W75BP2Q60,"Safety System Hi-PSI Water Connector, 3/4 dia., 60 L, 2-wayQD","453,1485"
W75BP2Q72,"Safety System Hi-PSI Water Connector, 3/4 dia., 72 L, 2-wayQD","493,16400000000004"
W75BP24,"Safety System Hi-PSI Water Connector, 3/4 dia., 24 L","183,85500000000002"
W75BP36,"Safety System Hi-PSI Water Connector, 3/4 dia., 36 L","211,97400000000002"
W75BP48,"Safety System Hi-PSI Water Connector, 3/4 dia., 48 L","246,58200000000002"
W75BP60,"Safety System Hi-PSI Water Connector, 3/4 dia., 60 L","287,67900000000003"
W75BP72,"Safety System Hi-PSI Water Connector, 3/4 dia., 72 L","328,776"
